{
  "mean": [
    0.02066490612924099,
    0.01705300435423851,
    0.01589866168797016,
    0.014462830498814583,
    0.018317895010113716,
    0.030530009418725967,
    0.03615779057145119,
    0.035059064626693726,
    0.011179571971297264,
    0.00018502790771890432,
    0.027794938534498215,
    0.01707024872303009,
    0.03960534557700157
  ],
  "std": [
    0.0037437360733747482,
    0.0050926427356898785,
    0.006034678313881159,
    0.00906955637037754,
    0.008655871264636517,
    0.013093757443130016,
    0.016497185453772545,
    0.016990570351481438,
    0.006172210909426212,
    7.190550968516618e-05,
    0.015275572426617146,
    0.011570730246603489,
    0.01870332658290863
  ]
}